Date/Time,node,lat,lon,fill_level
2020-01-03 16:13:24,Node 47,31.526456,74.311322,Full
2020-01-02 14:41:46,Node 2,31.437508,74.2893,Full
2020-01-03 00:24:16,Node 25,31.466618,74.246991,Full
2020-01-01 11:49:00,Node 22,31.426314,74.370112,Overflowing
2020-01-01 19:08:49,Node 2,31.437508,74.2893,Overflowing
2020-01-02 10:30:12,Node 12,31.426267,74.238806,Empty
2020-01-03 15:47:27,Node 33,31.47218,74.364088,Full
2020-01-03 11:26:10,Node 16,31.52463,74.387231,Full
2020-01-02 06:53:18,Node 17,31.40165,74.333838,Overflowing
2020-01-02 01:17:53,Node 14,31.48131,74.37681,Normal
2020-01-02 08:24:47,Node 22,31.426314,74.370112,Full
2020-01-03 17:55:45,Node 31,31.417882,74.215124,Overflowing
2020-01-01 16:04:46,Node 44,31.399046,74.382242,Full
2020-01-02 23:16:15,Node 22,31.426314,74.370112,Overflowing
2020-01-02 21:42:15,Node 19,31.461137,74.317262,Normal
2020-01-03 10:19:18,Node 17,31.40165,74.333838,Full
2020-01-02 03:15:42,Node 48,31.50053,74.289041,Full
2020-01-03 08:26:39,Node 16,31.52463,74.387231,Normal
2020-01-01 10:02:02,Node 3,31.462834,74.324997,Normal
2020-01-01 10:42:26,Node 19,31.461137,74.317262,Normal
2020-01-02 17:12:37,Node 11,31.470359,74.316637,Normal
2020-01-02 18:39:07,Node 45,31.451425,74.289047,Normal
2020-01-03 17:17:38,Node 32,31.410316,74.294928,Normal
2020-01-03 21:57:06,Node 32,31.410316,74.294928,Overflowing
2020-01-03 03:35:03,Node 14,31.48131,74.37681,Normal
2020-01-02 23:27:28,Node 41,31.475947,74.233685,Overflowing
2020-01-01 07:15:57,Node 44,31.399046,74.382242,Overflowing
2020-01-02 14:39:25,Node 24,31.446206,74.219199,Empty
2020-01-02 22:29:11,Node 12,31.426267,74.238806,Normal
2020-01-02 14:18:06,Node 7,31.435199,74.25089,Normal
2020-01-03 12:15:00,Node 47,31.526456,74.311322,Full
2020-01-02 04:25:52,Node 18,31.467563,74.356035,Empty
2020-01-03 04:34:50,Node 12,31.426267,74.238806,Full
2020-01-01 06:22:32,Node 14,31.48131,74.37681,Full
2020-01-01 07:13:13,Node 17,31.40165,74.333838,Normal
2020-01-01 03:14:35,Node 9,31.397972,74.359862,Full
2020-01-01 16:48:30,Node 27,31.487028,74.238589,Overflowing
2020-01-01 09:12:37,Node 1,31.393596,74.228372,Overflowing
2020-01-01 10:28:13,Node 1,31.393596,74.228372,Full
2020-01-01 20:22:16,Node 6,31.43839,74.286417,Normal
2020-01-01 03:10:35,Node 26,31.444482,74.356931,Normal
2020-01-01 16:45:34,Node 19,31.461137,74.317262,Normal
2020-01-02 23:02:27,Node 38,31.4347,74.348969,Normal
2020-01-02 07:00:08,Node 39,31.519219,74.363309,Empty
2020-01-03 06:48:53,Node 45,31.451425,74.289047,Overflowing
2020-01-01 12:20:28,Node 7,31.435199,74.25089,Full
2020-01-03 18:40:27,Node 0,31.518743,74.389239,Overflowing
2020-01-03 21:01:54,Node 38,31.4347,74.348969,Normal
2020-01-02 05:27:59,Node 24,31.446206,74.219199,Overflowing
2020-01-03 13:46:12,Node 41,31.475947,74.233685,Normal
2020-01-03 07:09:59,Node 15,31.543882,74.280711,Empty
2020-01-01 03:45:00,Node 0,31.518743,74.389239,Normal
2020-01-03 07:24:33,Node 6,31.43839,74.286417,Overflowing
2020-01-03 01:02:09,Node 18,31.467563,74.356035,Normal
2020-01-02 03:07:52,Node 39,31.519219,74.363309,Normal
2020-01-02 17:39:41,Node 1,31.393596,74.228372,Overflowing
2020-01-01 10:55:35,Node 49,31.536595,74.38061,Full
2020-01-02 05:03:14,Node 39,31.519219,74.363309,Full
2020-01-03 11:46:32,Node 31,31.417882,74.215124,Normal
2020-01-01 09:39:44,Node 16,31.52463,74.387231,Overflowing
2020-01-02 22:41:45,Node 25,31.466618,74.246991,Normal
2020-01-03 14:38:45,Node 28,31.400478,74.297926,Normal
2020-01-03 00:54:27,Node 42,31.445104,74.361715,Normal
2020-01-03 20:10:59,Node 44,31.399046,74.382242,Empty
2020-01-02 21:22:38,Node 32,31.410316,74.294928,Full
2020-01-02 10:13:58,Node 2,31.437508,74.2893,Normal
2020-01-02 08:06:27,Node 21,31.486081,74.210655,Empty
2020-01-03 02:08:19,Node 2,31.437508,74.2893,Overflowing
2020-01-01 04:34:16,Node 24,31.446206,74.219199,Overflowing
2020-01-03 01:29:20,Node 36,31.505972,74.336076,Normal
2020-01-01 15:04:41,Node 24,31.446206,74.219199,Empty
2020-01-02 07:47:15,Node 13,31.473015,74.247587,Normal
2020-01-01 05:22:48,Node 45,31.451425,74.289047,Overflowing
2020-01-01 06:08:13,Node 16,31.52463,74.387231,Full
2020-01-01 08:26:26,Node 3,31.462834,74.324997,Empty
2020-01-03 19:33:07,Node 47,31.526456,74.311322,Normal
2020-01-02 22:28:46,Node 25,31.466618,74.246991,Normal
2020-01-01 01:29:05,Node 11,31.470359,74.316637,Empty
2020-01-02 00:51:22,Node 4,31.475661,74.247548,Overflowing
2020-01-02 02:29:03,Node 11,31.470359,74.316637,Empty
2020-01-01 06:20:26,Node 2,31.437508,74.2893,Overflowing
2020-01-02 08:50:01,Node 36,31.505972,74.336076,Full
2020-01-02 00:08:03,Node 22,31.426314,74.370112,Overflowing
2020-01-02 16:33:22,Node 7,31.435199,74.25089,Overflowing
2020-01-01 20:13:21,Node 29,31.531497,74.218038,Overflowing
2020-01-01 22:37:24,Node 44,31.399046,74.382242,Normal
2020-01-03 13:32:37,Node 46,31.466508,74.315746,Overflowing
2020-01-01 20:43:20,Node 26,31.444482,74.356931,Overflowing
2020-01-03 17:40:54,Node 2,31.437508,74.2893,Overflowing
2020-01-03 03:30:20,Node 46,31.466508,74.315746,Overflowing
2020-01-01 01:29:55,Node 30,31.444573,74.321052,Full
2020-01-01 12:50:20,Node 39,31.519219,74.363309,Normal
2020-01-02 00:52:17,Node 12,31.426267,74.238806,Normal
2020-01-02 22:51:23,Node 15,31.543882,74.280711,Full
2020-01-01 00:58:35,Node 19,31.461137,74.317262,Empty
2020-01-03 12:35:48,Node 37,31.424045,74.393613,Full
2020-01-03 02:58:03,Node 9,31.397972,74.359862,Normal
2020-01-02 00:51:31,Node 13,31.473015,74.247587,Normal
2020-01-01 12:40:29,Node 27,31.487028,74.238589,Full
2020-01-01 22:33:38,Node 13,31.473015,74.247587,Empty
2020-01-02 21:58:42,Node 40,31.43615,74.388083,Empty
2020-01-01 22:40:38,Node 50,31.455682,74.252242,Full
2020-01-02 15:38:19,Node 26,31.444482,74.356931,Overflowing
2020-01-03 11:08:23,Node 36,31.505972,74.336076,Empty
2020-01-03 04:28:36,Node 29,31.531497,74.218038,Full
2020-01-02 18:32:05,Node 5,31.458406,74.307938,Overflowing
2020-01-02 08:04:09,Node 46,31.466508,74.315746,Overflowing
2020-01-02 22:41:21,Node 7,31.435199,74.25089,Full
2020-01-01 15:30:02,Node 3,31.462834,74.324997,Full
2020-01-03 01:07:51,Node 28,31.400478,74.297926,Normal
2020-01-01 03:31:47,Node 0,31.518743,74.389239,Empty
2020-01-02 05:55:08,Node 25,31.466618,74.246991,Overflowing
2020-01-02 20:16:56,Node 45,31.451425,74.289047,Full
2020-01-02 19:07:11,Node 17,31.40165,74.333838,Full
2020-01-02 08:06:05,Node 34,31.407253,74.372236,Empty
2020-01-02 11:33:18,Node 26,31.444482,74.356931,Overflowing
2020-01-03 04:13:40,Node 35,31.457464,74.349132,Normal
2020-01-01 10:52:59,Node 15,31.543882,74.280711,Normal
2020-01-02 09:21:48,Node 7,31.435199,74.25089,Empty
2020-01-02 00:46:42,Node 33,31.47218,74.364088,Normal
2020-01-01 09:19:42,Node 34,31.407253,74.372236,Overflowing
2020-01-03 11:30:35,Node 48,31.50053,74.289041,Empty
2020-01-03 10:03:19,Node 2,31.437508,74.2893,Normal
2020-01-03 16:30:59,Node 41,31.475947,74.233685,Normal
2020-01-03 11:10:36,Node 6,31.43839,74.286417,Overflowing
2020-01-01 20:56:05,Node 3,31.462834,74.324997,Overflowing
2020-01-03 15:11:42,Node 42,31.445104,74.361715,Normal
2020-01-01 02:45:58,Node 0,31.518743,74.389239,Normal
2020-01-03 13:50:30,Node 46,31.466508,74.315746,Normal
2020-01-02 13:51:07,Node 3,31.462834,74.324997,Full
2020-01-03 10:04:59,Node 31,31.417882,74.215124,Overflowing
2020-01-03 13:22:38,Node 20,31.549752,74.28026,Empty
2020-01-01 01:42:50,Node 17,31.40165,74.333838,Overflowing
2020-01-01 05:39:17,Node 26,31.444482,74.356931,Empty
2020-01-01 05:50:09,Node 45,31.451425,74.289047,Full
2020-01-03 22:01:24,Node 6,31.43839,74.286417,Overflowing
2020-01-02 09:42:54,Node 5,31.458406,74.307938,Normal
2020-01-01 03:45:47,Node 19,31.461137,74.317262,Full
2020-01-02 07:23:19,Node 48,31.50053,74.289041,Overflowing
2020-01-01 03:40:23,Node 2,31.437508,74.2893,Full
2020-01-01 09:52:59,Node 16,31.52463,74.387231,Empty
2020-01-02 02:45:02,Node 45,31.451425,74.289047,Full
2020-01-02 05:30:54,Node 19,31.461137,74.317262,Normal
2020-01-03 22:58:46,Node 5,31.458406,74.307938,Normal
2020-01-02 17:19:26,Node 32,31.410316,74.294928,Normal
2020-01-01 08:14:19,Node 5,31.458406,74.307938,Full
2020-01-02 16:23:19,Node 39,31.519219,74.363309,Normal
2020-01-03 03:21:48,Node 1,31.393596,74.228372,Empty
2020-01-02 22:03:35,Node 50,31.455682,74.252242,Normal
2020-01-01 06:37:02,Node 15,31.543882,74.280711,Overflowing
2020-01-01 21:37:37,Node 46,31.466508,74.315746,Overflowing
2020-01-01 00:39:19,Node 15,31.543882,74.280711,Normal
2020-01-01 06:07:15,Node 46,31.466508,74.315746,Full
2020-01-01 12:11:19,Node 21,31.486081,74.210655,Overflowing
2020-01-02 18:03:46,Node 8,31.481898,74.361814,Normal
2020-01-01 20:26:32,Node 33,31.47218,74.364088,Empty
2020-01-01 01:42:51,Node 35,31.457464,74.349132,Overflowing
2020-01-01 15:16:03,Node 38,31.4347,74.348969,Overflowing
2020-01-02 17:07:53,Node 7,31.435199,74.25089,Normal
2020-01-02 11:15:17,Node 12,31.426267,74.238806,Full
2020-01-01 12:13:13,Node 19,31.461137,74.317262,Overflowing
2020-01-03 13:24:12,Node 47,31.526456,74.311322,Overflowing
2020-01-01 08:53:14,Node 38,31.4347,74.348969,Normal
2020-01-01 18:51:06,Node 8,31.481898,74.361814,Empty
2020-01-03 07:59:55,Node 37,31.424045,74.393613,Overflowing
2020-01-01 15:58:04,Node 29,31.531497,74.218038,Full
2020-01-02 17:27:12,Node 31,31.417882,74.215124,Normal
2020-01-02 16:47:03,Node 9,31.397972,74.359862,Empty
2020-01-01 06:19:46,Node 8,31.481898,74.361814,Normal
2020-01-02 13:08:25,Node 50,31.455682,74.252242,Overflowing
2020-01-03 19:43:47,Node 45,31.451425,74.289047,Full
2020-01-03 19:26:55,Node 38,31.4347,74.348969,Overflowing
2020-01-01 09:50:42,Node 44,31.399046,74.382242,Full
2020-01-01 10:36:31,Node 6,31.43839,74.286417,Normal
2020-01-01 04:52:51,Node 2,31.437508,74.2893,Normal
2020-01-01 10:51:17,Node 38,31.4347,74.348969,Full
2020-01-02 22:50:48,Node 7,31.435199,74.25089,Empty
2020-01-02 19:45:29,Node 13,31.473015,74.247587,Normal
2020-01-03 18:00:34,Node 32,31.410316,74.294928,Overflowing
2020-01-01 06:09:40,Node 8,31.481898,74.361814,Overflowing
2020-01-03 14:21:37,Node 23,31.547399,74.212531,Normal
2020-01-02 09:41:42,Node 12,31.426267,74.238806,Normal
2020-01-02 20:41:26,Node 42,31.445104,74.361715,Normal
2020-01-03 19:05:16,Node 18,31.467563,74.356035,Overflowing
2020-01-03 03:39:16,Node 12,31.426267,74.238806,Empty
2020-01-02 14:17:01,Node 7,31.435199,74.25089,Normal
2020-01-01 23:39:59,Node 11,31.470359,74.316637,Overflowing
2020-01-03 18:52:05,Node 47,31.526456,74.311322,Overflowing
2020-01-03 07:10:57,Node 26,31.444482,74.356931,Overflowing
2020-01-01 15:09:54,Node 40,31.43615,74.388083,Overflowing
2020-01-03 12:13:32,Node 46,31.466508,74.315746,Full
2020-01-01 21:07:35,Node 40,31.43615,74.388083,Normal
2020-01-02 15:31:00,Node 50,31.455682,74.252242,Overflowing
2020-01-03 18:58:36,Node 26,31.444482,74.356931,Overflowing
2020-01-02 06:48:40,Node 47,31.526456,74.311322,Normal
2020-01-01 04:02:15,Node 49,31.536595,74.38061,Normal
2020-01-01 22:49:04,Node 13,31.473015,74.247587,Normal
2020-01-02 00:22:51,Node 47,31.526456,74.311322,Full
2020-01-03 12:57:21,Node 31,31.417882,74.215124,Overflowing
2020-01-03 23:47:34,Node 30,31.444573,74.321052,Full
2020-01-03 20:17:37,Node 31,31.417882,74.215124,Overflowing
2020-01-01 00:02:25,Node 38,31.4347,74.348969,Overflowing
2020-01-03 10:37:34,Node 21,31.486081,74.210655,Normal
2020-01-03 03:34:52,Node 38,31.4347,74.348969,Normal
2020-01-02 18:13:00,Node 45,31.451425,74.289047,Overflowing
2020-01-03 05:13:48,Node 27,31.487028,74.238589,Empty
2020-01-02 05:52:43,Node 27,31.487028,74.238589,Overflowing
2020-01-01 15:23:36,Node 42,31.445104,74.361715,Empty
2020-01-01 15:43:57,Node 19,31.461137,74.317262,Overflowing
2020-01-02 19:06:15,Node 3,31.462834,74.324997,Overflowing
2020-01-02 01:04:35,Node 26,31.444482,74.356931,Normal
2020-01-01 21:48:33,Node 5,31.458406,74.307938,Full
2020-01-02 08:55:22,Node 35,31.457464,74.349132,Normal
2020-01-02 11:57:45,Node 11,31.470359,74.316637,Empty
2020-01-02 15:39:35,Node 2,31.437508,74.2893,Normal
2020-01-01 01:32:20,Node 8,31.481898,74.361814,Overflowing
2020-01-01 11:47:54,Node 48,31.50053,74.289041,Normal
2020-01-01 22:32:21,Node 32,31.410316,74.294928,Empty
2020-01-03 21:28:59,Node 22,31.426314,74.370112,Overflowing
2020-01-02 15:04:55,Node 37,31.424045,74.393613,Full
2020-01-03 23:46:23,Node 42,31.445104,74.361715,Normal
2020-01-03 11:31:29,Node 30,31.444573,74.321052,Full
2020-01-02 07:49:18,Node 25,31.466618,74.246991,Empty
2020-01-02 21:37:34,Node 25,31.466618,74.246991,Full
2020-01-03 21:42:47,Node 4,31.475661,74.247548,Normal
2020-01-02 14:55:37,Node 16,31.52463,74.387231,Normal
2020-01-02 08:41:44,Node 38,31.4347,74.348969,Overflowing
2020-01-01 04:39:09,Node 28,31.400478,74.297926,Overflowing
2020-01-02 19:43:15,Node 32,31.410316,74.294928,Full
2020-01-01 22:58:51,Node 8,31.481898,74.361814,Overflowing
2020-01-02 19:59:06,Node 37,31.424045,74.393613,Empty
2020-01-03 08:31:30,Node 43,31.519018,74.343703,Normal
2020-01-02 11:22:02,Node 30,31.444573,74.321052,Overflowing
2020-01-01 00:51:21,Node 16,31.52463,74.387231,Full
2020-01-02 03:18:45,Node 39,31.519219,74.363309,Normal
2020-01-02 06:50:31,Node 17,31.40165,74.333838,Normal
2020-01-01 01:55:06,Node 33,31.47218,74.364088,Normal
2020-01-01 08:38:46,Node 26,31.444482,74.356931,Normal
2020-01-03 04:08:53,Node 42,31.445104,74.361715,Empty
2020-01-02 05:00:24,Node 25,31.466618,74.246991,Overflowing
2020-01-01 14:28:48,Node 23,31.547399,74.212531,Normal
2020-01-01 20:34:55,Node 38,31.4347,74.348969,Normal
2020-01-02 14:51:47,Node 23,31.547399,74.212531,Overflowing
2020-01-02 14:55:22,Node 35,31.457464,74.349132,Overflowing
2020-01-02 08:58:47,Node 38,31.4347,74.348969,Overflowing
2020-01-02 04:11:27,Node 14,31.48131,74.37681,Empty
2020-01-01 09:35:13,Node 19,31.461137,74.317262,Overflowing
2020-01-02 06:23:24,Node 7,31.435199,74.25089,Full
2020-01-01 14:37:58,Node 14,31.48131,74.37681,Overflowing
2020-01-03 05:17:51,Node 35,31.457464,74.349132,Overflowing
2020-01-02 05:13:33,Node 26,31.444482,74.356931,Empty
2020-01-03 23:59:41,Node 12,31.426267,74.238806,Overflowing
2020-01-02 09:42:53,Node 26,31.444482,74.356931,Empty
2020-01-03 05:48:08,Node 30,31.444573,74.321052,Empty
2020-01-03 20:01:05,Node 9,31.397972,74.359862,Normal
2020-01-03 19:30:39,Node 38,31.4347,74.348969,Empty
2020-01-03 18:50:28,Node 31,31.417882,74.215124,Full
2020-01-01 01:23:07,Node 10,31.453884,74.391163,Overflowing
2020-01-03 19:33:21,Node 3,31.462834,74.324997,Normal
2020-01-02 15:03:27,Node 42,31.445104,74.361715,Full
2020-01-01 12:08:52,Node 24,31.446206,74.219199,Full
2020-01-03 02:25:31,Node 36,31.505972,74.336076,Full
2020-01-03 12:00:05,Node 10,31.453884,74.391163,Empty
2020-01-03 11:34:43,Node 31,31.417882,74.215124,Normal
2020-01-02 22:06:33,Node 11,31.470359,74.316637,Overflowing
2020-01-01 15:40:34,Node 1,31.393596,74.228372,Normal
2020-01-01 19:18:46,Node 11,31.470359,74.316637,Overflowing
2020-01-02 21:33:31,Node 45,31.451425,74.289047,Normal
2020-01-02 07:45:41,Node 17,31.40165,74.333838,Full
2020-01-03 23:46:12,Node 26,31.444482,74.356931,Normal
2020-01-01 15:34:03,Node 1,31.393596,74.228372,Overflowing
2020-01-03 00:51:48,Node 18,31.467563,74.356035,Full
2020-01-03 10:56:05,Node 4,31.475661,74.247548,Overflowing
2020-01-03 17:36:16,Node 50,31.455682,74.252242,Full
2020-01-02 09:20:10,Node 22,31.426314,74.370112,Normal
2020-01-01 08:42:33,Node 35,31.457464,74.349132,Normal
2020-01-02 23:19:31,Node 33,31.47218,74.364088,Normal
2020-01-01 08:08:52,Node 39,31.519219,74.363309,Normal
2020-01-03 23:32:07,Node 43,31.519018,74.343703,Full
2020-01-03 17:03:03,Node 39,31.519219,74.363309,Full
2020-01-03 21:57:09,Node 34,31.407253,74.372236,Full
2020-01-01 03:07:03,Node 0,31.518743,74.389239,Normal
2020-01-02 18:51:37,Node 18,31.467563,74.356035,Overflowing
2020-01-03 12:21:24,Node 23,31.547399,74.212531,Empty
2020-01-03 02:03:40,Node 35,31.457464,74.349132,Full
2020-01-02 06:55:37,Node 40,31.43615,74.388083,Full
2020-01-02 13:41:46,Node 25,31.466618,74.246991,Overflowing
2020-01-01 23:23:32,Node 32,31.410316,74.294928,Overflowing
2020-01-01 01:42:03,Node 12,31.426267,74.238806,Overflowing
2020-01-02 13:25:18,Node 46,31.466508,74.315746,Normal
2020-01-01 07:44:52,Node 30,31.444573,74.321052,Normal
2020-01-01 00:11:39,Node 35,31.457464,74.349132,Empty
2020-01-01 18:53:57,Node 25,31.466618,74.246991,Normal
2020-01-02 00:15:42,Node 20,31.549752,74.28026,Normal
2020-01-03 21:45:16,Node 29,31.531497,74.218038,Full
2020-01-02 03:17:08,Node 28,31.400478,74.297926,Normal
2020-01-01 06:40:27,Node 40,31.43615,74.388083,Normal
2020-01-02 17:04:50,Node 27,31.487028,74.238589,Overflowing
2020-01-01 19:01:56,Node 36,31.505972,74.336076,Overflowing
2020-01-02 09:38:52,Node 21,31.486081,74.210655,Empty
2020-01-02 03:33:17,Node 7,31.435199,74.25089,Overflowing
2020-01-02 05:13:14,Node 28,31.400478,74.297926,Normal
2020-01-02 22:01:43,Node 26,31.444482,74.356931,Normal
2020-01-02 13:52:03,Node 46,31.466508,74.315746,Normal
2020-01-03 04:10:42,Node 15,31.543882,74.280711,Overflowing
2020-01-02 02:21:43,Node 31,31.417882,74.215124,Normal
2020-01-01 12:29:34,Node 11,31.470359,74.316637,Normal
2020-01-02 05:13:46,Node 1,31.393596,74.228372,Empty
2020-01-02 04:07:43,Node 25,31.466618,74.246991,Overflowing
2020-01-01 10:31:13,Node 3,31.462834,74.324997,Normal
2020-01-01 02:46:15,Node 7,31.435199,74.25089,Normal
2020-01-03 20:32:52,Node 4,31.475661,74.247548,Overflowing
2020-01-03 19:55:57,Node 17,31.40165,74.333838,Overflowing
2020-01-01 16:08:18,Node 24,31.446206,74.219199,Overflowing
2020-01-01 05:49:46,Node 33,31.47218,74.364088,Full
2020-01-02 15:26:07,Node 30,31.444573,74.321052,Empty
2020-01-01 01:30:03,Node 43,31.519018,74.343703,Overflowing
2020-01-01 05:08:15,Node 38,31.4347,74.348969,Full
2020-01-01 23:01:19,Node 25,31.466618,74.246991,Overflowing
2020-01-03 14:36:37,Node 46,31.466508,74.315746,Full
2020-01-02 06:36:59,Node 37,31.424045,74.393613,Normal
2020-01-02 20:20:25,Node 21,31.486081,74.210655,Full
2020-01-03 09:32:59,Node 20,31.549752,74.28026,Empty
2020-01-01 07:15:33,Node 35,31.457464,74.349132,Normal
2020-01-02 12:21:14,Node 12,31.426267,74.238806,Normal
2020-01-03 02:55:11,Node 49,31.536595,74.38061,Normal
2020-01-02 20:00:51,Node 16,31.52463,74.387231,Overflowing
2020-01-01 06:35:50,Node 33,31.47218,74.364088,Normal
2020-01-01 23:48:24,Node 16,31.52463,74.387231,Overflowing
2020-01-01 03:44:16,Node 49,31.536595,74.38061,Normal
2020-01-02 18:36:47,Node 33,31.47218,74.364088,Normal
2020-01-02 03:10:53,Node 21,31.486081,74.210655,Normal
2020-01-01 14:23:25,Node 11,31.470359,74.316637,Normal
2020-01-02 11:09:46,Node 7,31.435199,74.25089,Overflowing
2020-01-03 23:48:47,Node 50,31.455682,74.252242,Normal
2020-01-02 04:05:29,Node 25,31.466618,74.246991,Normal
2020-01-01 23:36:06,Node 13,31.473015,74.247587,Full
2020-01-02 06:51:59,Node 1,31.393596,74.228372,Full
2020-01-01 04:47:00,Node 47,31.526456,74.311322,Overflowing
2020-01-02 06:52:51,Node 1,31.393596,74.228372,Normal
2020-01-02 08:16:49,Node 13,31.473015,74.247587,Full
2020-01-01 01:41:56,Node 36,31.505972,74.336076,Full
2020-01-03 06:00:03,Node 13,31.473015,74.247587,Overflowing
2020-01-02 06:01:38,Node 47,31.526456,74.311322,Overflowing
2020-01-01 00:20:06,Node 42,31.445104,74.361715,Normal
2020-01-01 12:40:21,Node 24,31.446206,74.219199,Normal
2020-01-02 09:05:07,Node 9,31.397972,74.359862,Normal
2020-01-02 00:21:19,Node 25,31.466618,74.246991,Overflowing
2020-01-02 11:59:45,Node 37,31.424045,74.393613,Overflowing
2020-01-02 17:25:21,Node 36,31.505972,74.336076,Overflowing
2020-01-01 16:57:19,Node 30,31.444573,74.321052,Overflowing
2020-01-02 22:49:33,Node 41,31.475947,74.233685,Full
2020-01-02 19:28:42,Node 19,31.461137,74.317262,Overflowing
2020-01-01 16:03:12,Node 32,31.410316,74.294928,Overflowing
2020-01-03 12:00:51,Node 42,31.445104,74.361715,Full
2020-01-02 03:34:35,Node 18,31.467563,74.356035,Full
2020-01-01 16:06:29,Node 38,31.4347,74.348969,Overflowing
2020-01-01 14:44:49,Node 23,31.547399,74.212531,Overflowing
2020-01-01 17:44:06,Node 24,31.446206,74.219199,Overflowing
2020-01-03 01:04:42,Node 13,31.473015,74.247587,Normal
2020-01-01 20:29:37,Node 23,31.547399,74.212531,Full
2020-01-01 12:11:50,Node 27,31.487028,74.238589,Normal
2020-01-02 05:47:58,Node 21,31.486081,74.210655,Empty
2020-01-01 05:17:48,Node 37,31.424045,74.393613,Empty
2020-01-03 13:40:00,Node 23,31.547399,74.212531,Empty
2020-01-02 02:26:37,Node 42,31.445104,74.361715,Full
2020-01-01 11:20:49,Node 20,31.549752,74.28026,Overflowing
2020-01-02 21:56:40,Node 19,31.461137,74.317262,Full
2020-01-03 04:35:49,Node 44,31.399046,74.382242,Full
2020-01-02 14:44:42,Node 1,31.393596,74.228372,Overflowing
2020-01-01 17:54:10,Node 22,31.426314,74.370112,Normal
2020-01-03 17:26:14,Node 19,31.461137,74.317262,Normal
2020-01-02 17:41:38,Node 15,31.543882,74.280711,Overflowing
2020-01-01 10:00:05,Node 16,31.52463,74.387231,Overflowing
2020-01-03 07:37:41,Node 3,31.462834,74.324997,Normal
2020-01-02 08:16:23,Node 17,31.40165,74.333838,Full
2020-01-01 03:24:26,Node 48,31.50053,74.289041,Full
2020-01-01 23:21:32,Node 6,31.43839,74.286417,Full
2020-01-02 15:56:33,Node 48,31.50053,74.289041,Overflowing
2020-01-02 09:54:31,Node 5,31.458406,74.307938,Overflowing
2020-01-02 22:44:15,Node 49,31.536595,74.38061,Normal
2020-01-02 14:07:40,Node 37,31.424045,74.393613,Overflowing
2020-01-03 13:31:24,Node 20,31.549752,74.28026,Normal
2020-01-02 23:09:13,Node 5,31.458406,74.307938,Overflowing
2020-01-01 12:37:34,Node 0,31.518743,74.389239,Empty
2020-01-03 16:53:01,Node 39,31.519219,74.363309,Overflowing
2020-01-01 10:05:57,Node 14,31.48131,74.37681,Full
2020-01-01 13:16:04,Node 11,31.470359,74.316637,Normal
2020-01-01 08:45:48,Node 35,31.457464,74.349132,Empty
2020-01-02 09:49:14,Node 4,31.475661,74.247548,Full
2020-01-02 15:51:25,Node 23,31.547399,74.212531,Overflowing
2020-01-03 19:34:19,Node 41,31.475947,74.233685,Full
2020-01-03 17:07:28,Node 26,31.444482,74.356931,Overflowing
2020-01-03 21:25:46,Node 1,31.393596,74.228372,Overflowing
2020-01-02 05:04:05,Node 50,31.455682,74.252242,Overflowing
2020-01-01 11:25:09,Node 28,31.400478,74.297926,Overflowing
2020-01-03 14:48:12,Node 19,31.461137,74.317262,Normal
2020-01-02 11:18:33,Node 48,31.50053,74.289041,Normal
2020-01-02 21:01:10,Node 19,31.461137,74.317262,Normal
2020-01-03 20:57:16,Node 1,31.393596,74.228372,Full
2020-01-01 06:36:38,Node 28,31.400478,74.297926,Normal
2020-01-01 07:53:20,Node 12,31.426267,74.238806,Empty
2020-01-03 15:11:29,Node 48,31.50053,74.289041,Overflowing
2020-01-03 18:01:07,Node 4,31.475661,74.247548,Overflowing
2020-01-01 07:22:21,Node 25,31.466618,74.246991,Normal
2020-01-03 05:38:34,Node 46,31.466508,74.315746,Overflowing
2020-01-01 13:24:55,Node 40,31.43615,74.388083,Empty
2020-01-02 09:19:46,Node 13,31.473015,74.247587,Overflowing
2020-01-02 06:20:47,Node 23,31.547399,74.212531,Overflowing
2020-01-01 06:27:28,Node 4,31.475661,74.247548,Full
2020-01-01 01:00:52,Node 47,31.526456,74.311322,Full
2020-01-03 00:09:44,Node 47,31.526456,74.311322,Full
2020-01-01 02:39:17,Node 19,31.461137,74.317262,Normal
2020-01-01 05:22:41,Node 30,31.444573,74.321052,Normal
2020-01-01 09:31:13,Node 30,31.444573,74.321052,Overflowing
2020-01-01 19:00:20,Node 3,31.462834,74.324997,Full
2020-01-03 13:39:56,Node 34,31.407253,74.372236,Full
2020-01-01 15:16:38,Node 41,31.475947,74.233685,Overflowing
2020-01-03 11:41:39,Node 19,31.461137,74.317262,Overflowing
2020-01-03 08:38:05,Node 26,31.444482,74.356931,Overflowing
2020-01-03 03:27:16,Node 12,31.426267,74.238806,Empty
2020-01-01 20:43:42,Node 4,31.475661,74.247548,Normal
2020-01-01 20:31:17,Node 43,31.519018,74.343703,Overflowing
2020-01-03 23:45:30,Node 37,31.424045,74.393613,Overflowing
2020-01-03 05:18:10,Node 49,31.536595,74.38061,Overflowing
2020-01-03 07:55:00,Node 12,31.426267,74.238806,Full
2020-01-01 18:10:59,Node 9,31.397972,74.359862,Normal
2020-01-03 02:33:57,Node 36,31.505972,74.336076,Empty
2020-01-02 10:49:35,Node 29,31.531497,74.218038,Overflowing
2020-01-01 23:50:45,Node 35,31.457464,74.349132,Overflowing
2020-01-03 21:00:06,Node 48,31.50053,74.289041,Full
2020-01-01 14:41:51,Node 17,31.40165,74.333838,Normal
2020-01-03 19:51:56,Node 33,31.47218,74.364088,Normal
2020-01-03 05:56:32,Node 35,31.457464,74.349132,Empty
2020-01-01 04:26:23,Node 6,31.43839,74.286417,Full
2020-01-01 17:13:25,Node 7,31.435199,74.25089,Empty
2020-01-03 22:14:09,Node 33,31.47218,74.364088,Normal
2020-01-01 16:04:24,Node 45,31.451425,74.289047,Normal
2020-01-02 19:22:02,Node 0,31.518743,74.389239,Normal
2020-01-03 23:04:24,Node 35,31.457464,74.349132,Normal
2020-01-02 08:21:07,Node 5,31.458406,74.307938,Full
2020-01-03 00:01:20,Node 24,31.446206,74.219199,Overflowing
2020-01-02 17:44:05,Node 50,31.455682,74.252242,Normal
2020-01-02 20:24:16,Node 1,31.393596,74.228372,Empty
2020-01-03 00:59:41,Node 13,31.473015,74.247587,Normal
2020-01-02 11:15:20,Node 25,31.466618,74.246991,Normal
2020-01-02 19:37:30,Node 0,31.518743,74.389239,Overflowing
2020-01-02 01:13:47,Node 13,31.473015,74.247587,Normal
2020-01-01 15:26:51,Node 29,31.531497,74.218038,Normal
2020-01-02 15:17:20,Node 5,31.458406,74.307938,Overflowing
2020-01-02 04:58:21,Node 11,31.470359,74.316637,Overflowing
2020-01-01 15:14:37,Node 4,31.475661,74.247548,Normal
2020-01-02 06:08:57,Node 43,31.519018,74.343703,Normal
2020-01-02 16:50:30,Node 14,31.48131,74.37681,Empty
2020-01-02 06:43:57,Node 4,31.475661,74.247548,Overflowing
2020-01-03 01:38:08,Node 39,31.519219,74.363309,Normal
2020-01-02 11:42:41,Node 32,31.410316,74.294928,Overflowing
2020-01-01 06:20:21,Node 49,31.536595,74.38061,Overflowing
2020-01-03 14:30:40,Node 13,31.473015,74.247587,Full
2020-01-03 18:40:38,Node 29,31.531497,74.218038,Overflowing
2020-01-03 13:52:28,Node 47,31.526456,74.311322,Normal
2020-01-01 17:16:02,Node 23,31.547399,74.212531,Full
2020-01-02 06:02:00,Node 15,31.543882,74.280711,Overflowing
2020-01-02 08:21:50,Node 9,31.397972,74.359862,Overflowing
2020-01-02 03:27:05,Node 28,31.400478,74.297926,Overflowing
2020-01-02 07:54:31,Node 40,31.43615,74.388083,Full
2020-01-02 11:22:19,Node 26,31.444482,74.356931,Empty
2020-01-01 20:52:29,Node 23,31.547399,74.212531,Normal
2020-01-02 10:23:47,Node 24,31.446206,74.219199,Full
2020-01-01 14:01:22,Node 29,31.531497,74.218038,Overflowing
2020-01-03 05:15:58,Node 4,31.475661,74.247548,Empty
2020-01-01 17:42:42,Node 34,31.407253,74.372236,Normal
2020-01-02 11:08:17,Node 22,31.426314,74.370112,Overflowing
2020-01-02 07:16:51,Node 8,31.481898,74.361814,Overflowing
2020-01-01 05:53:55,Node 47,31.526456,74.311322,Overflowing
2020-01-02 19:21:26,Node 20,31.549752,74.28026,Full
2020-01-01 09:47:26,Node 27,31.487028,74.238589,Overflowing
2020-01-01 21:56:38,Node 26,31.444482,74.356931,Full
2020-01-02 23:54:00,Node 19,31.461137,74.317262,Overflowing
2020-01-02 10:57:24,Node 12,31.426267,74.238806,Normal
2020-01-03 11:00:52,Node 35,31.457464,74.349132,Full
2020-01-02 15:47:00,Node 28,31.400478,74.297926,Normal
2020-01-02 09:38:40,Node 36,31.505972,74.336076,Overflowing
2020-01-03 23:02:18,Node 42,31.445104,74.361715,Normal
2020-01-01 05:47:36,Node 27,31.487028,74.238589,Normal
2020-01-02 11:01:34,Node 35,31.457464,74.349132,Full
2020-01-02 03:24:46,Node 11,31.470359,74.316637,Normal
2020-01-01 21:30:25,Node 22,31.426314,74.370112,Overflowing
2020-01-03 03:42:21,Node 18,31.467563,74.356035,Full
2020-01-01 21:20:29,Node 1,31.393596,74.228372,Normal
2020-01-02 01:57:30,Node 45,31.451425,74.289047,Overflowing
2020-01-01 17:01:54,Node 19,31.461137,74.317262,Overflowing
2020-01-02 19:57:38,Node 49,31.536595,74.38061,Overflowing
2020-01-02 16:04:45,Node 21,31.486081,74.210655,Overflowing
2020-01-01 11:02:09,Node 38,31.4347,74.348969,Overflowing
2020-01-01 06:52:13,Node 27,31.487028,74.238589,Normal
2020-01-02 08:04:19,Node 46,31.466508,74.315746,Overflowing
2020-01-02 23:42:00,Node 18,31.467563,74.356035,Normal
2020-01-02 06:48:30,Node 14,31.48131,74.37681,Overflowing
2020-01-02 16:21:30,Node 19,31.461137,74.317262,Normal
2020-01-03 07:57:28,Node 4,31.475661,74.247548,Normal
2020-01-01 12:20:47,Node 27,31.487028,74.238589,Normal
2020-01-03 04:08:09,Node 16,31.52463,74.387231,Full
2020-01-03 21:52:57,Node 50,31.455682,74.252242,Overflowing
2020-01-03 05:44:56,Node 32,31.410316,74.294928,Overflowing
2020-01-02 13:27:22,Node 1,31.393596,74.228372,Normal
2020-01-03 20:04:54,Node 15,31.543882,74.280711,Overflowing
2020-01-02 12:37:34,Node 31,31.417882,74.215124,Normal
2020-01-01 14:21:47,Node 47,31.526456,74.311322,Normal
2020-01-02 06:53:25,Node 44,31.399046,74.382242,Overflowing
2020-01-01 14:49:45,Node 41,31.475947,74.233685,Overflowing
2020-01-01 22:47:52,Node 23,31.547399,74.212531,Empty
2020-01-02 04:56:52,Node 34,31.407253,74.372236,Normal
2020-01-03 14:12:31,Node 48,31.50053,74.289041,Full
2020-01-01 09:54:26,Node 43,31.519018,74.343703,Empty
2020-01-03 21:04:24,Node 21,31.486081,74.210655,Normal
2020-01-01 22:55:20,Node 41,31.475947,74.233685,Overflowing
2020-01-03 23:36:28,Node 31,31.417882,74.215124,Normal
2020-01-02 20:26:16,Node 26,31.444482,74.356931,Overflowing
2020-01-01 05:26:48,Node 36,31.505972,74.336076,Full
2020-01-02 03:10:17,Node 43,31.519018,74.343703,Overflowing
2020-01-01 13:09:41,Node 11,31.470359,74.316637,Overflowing
2020-01-03 10:12:48,Node 27,31.487028,74.238589,Full
2020-01-03 11:15:16,Node 48,31.50053,74.289041,Normal
2020-01-01 22:01:46,Node 10,31.453884,74.391163,Full
2020-01-03 05:28:18,Node 23,31.547399,74.212531,Overflowing
2020-01-01 05:05:57,Node 35,31.457464,74.349132,Overflowing
2020-01-03 15:48:12,Node 25,31.466618,74.246991,Overflowing
2020-01-02 23:40:07,Node 0,31.518743,74.389239,Normal
2020-01-03 14:02:18,Node 17,31.40165,74.333838,Empty
2020-01-02 00:12:32,Node 14,31.48131,74.37681,Full
2020-01-03 05:51:34,Node 28,31.400478,74.297926,Normal
2020-01-03 00:16:58,Node 17,31.40165,74.333838,Normal
2020-01-02 01:46:52,Node 35,31.457464,74.349132,Overflowing
2020-01-03 15:01:42,Node 22,31.426314,74.370112,Full
2020-01-02 19:06:57,Node 9,31.397972,74.359862,Empty
2020-01-01 12:47:23,Node 42,31.445104,74.361715,Overflowing
2020-01-01 23:26:16,Node 26,31.444482,74.356931,Normal
2020-01-02 21:16:02,Node 9,31.397972,74.359862,Normal
2020-01-01 01:31:53,Node 8,31.481898,74.361814,Full
2020-01-03 06:18:34,Node 13,31.473015,74.247587,Normal
2020-01-01 04:10:57,Node 50,31.455682,74.252242,Normal
2020-01-02 10:24:00,Node 40,31.43615,74.388083,Overflowing
2020-01-02 09:07:36,Node 25,31.466618,74.246991,Overflowing
2020-01-01 13:58:16,Node 21,31.486081,74.210655,Empty
2020-01-01 03:48:16,Node 27,31.487028,74.238589,Normal
2020-01-01 10:47:23,Node 5,31.458406,74.307938,Full
2020-01-02 01:11:30,Node 23,31.547399,74.212531,Normal
2020-01-03 12:59:43,Node 8,31.481898,74.361814,Full
2020-01-02 17:44:02,Node 23,31.547399,74.212531,Overflowing
2020-01-02 00:24:53,Node 8,31.481898,74.361814,Normal
2020-01-02 20:06:40,Node 46,31.466508,74.315746,Overflowing
2020-01-03 16:54:04,Node 45,31.451425,74.289047,Full
2020-01-02 02:12:45,Node 44,31.399046,74.382242,Overflowing
2020-01-02 06:54:34,Node 20,31.549752,74.28026,Full
2020-01-02 17:19:33,Node 34,31.407253,74.372236,Normal
2020-01-03 05:22:52,Node 41,31.475947,74.233685,Overflowing
2020-01-01 03:02:56,Node 34,31.407253,74.372236,Empty
2020-01-01 07:46:17,Node 24,31.446206,74.219199,Normal
2020-01-02 17:07:21,Node 23,31.547399,74.212531,Normal
2020-01-01 01:30:23,Node 14,31.48131,74.37681,Normal
2020-01-02 21:53:57,Node 26,31.444482,74.356931,Overflowing
2020-01-02 12:53:36,Node 2,31.437508,74.2893,Overflowing
2020-01-01 00:19:43,Node 44,31.399046,74.382242,Overflowing
2020-01-02 21:23:09,Node 23,31.547399,74.212531,Full
2020-01-01 18:16:00,Node 45,31.451425,74.289047,Full
2020-01-01 23:39:51,Node 19,31.461137,74.317262,Empty
2020-01-01 11:02:27,Node 16,31.52463,74.387231,Normal
2020-01-01 23:04:42,Node 46,31.466508,74.315746,Normal
2020-01-01 13:57:16,Node 36,31.505972,74.336076,Normal
2020-01-02 20:11:07,Node 14,31.48131,74.37681,Normal
2020-01-01 04:14:11,Node 38,31.4347,74.348969,Normal
2020-01-03 15:47:59,Node 12,31.426267,74.238806,Empty
2020-01-02 16:46:57,Node 44,31.399046,74.382242,Overflowing
2020-01-02 12:14:49,Node 3,31.462834,74.324997,Normal
2020-01-03 20:54:32,Node 30,31.444573,74.321052,Empty
2020-01-03 07:19:45,Node 14,31.48131,74.37681,Full
2020-01-03 21:07:36,Node 3,31.462834,74.324997,Empty
2020-01-01 18:22:12,Node 31,31.417882,74.215124,Overflowing
2020-01-02 20:01:24,Node 22,31.426314,74.370112,Overflowing
2020-01-01 23:27:02,Node 30,31.444573,74.321052,Normal
2020-01-03 11:23:12,Node 29,31.531497,74.218038,Overflowing
2020-01-02 13:06:41,Node 39,31.519219,74.363309,Empty
2020-01-03 23:52:31,Node 33,31.47218,74.364088,Full
2020-01-01 18:48:45,Node 22,31.426314,74.370112,Overflowing
2020-01-03 05:01:36,Node 50,31.455682,74.252242,Empty
2020-01-01 08:49:53,Node 9,31.397972,74.359862,Overflowing
2020-01-01 15:13:45,Node 10,31.453884,74.391163,Empty
2020-01-02 17:54:13,Node 5,31.458406,74.307938,Normal
2020-01-03 03:08:25,Node 38,31.4347,74.348969,Overflowing
2020-01-02 07:46:39,Node 39,31.519219,74.363309,Normal
2020-01-01 17:14:15,Node 17,31.40165,74.333838,Overflowing
2020-01-03 23:50:27,Node 43,31.519018,74.343703,Overflowing
2020-01-02 01:56:22,Node 20,31.549752,74.28026,Overflowing
2020-01-01 00:40:15,Node 21,31.486081,74.210655,Normal
2020-01-01 00:39:18,Node 26,31.444482,74.356931,Overflowing
2020-01-03 05:20:23,Node 14,31.48131,74.37681,Full
2020-01-02 23:20:49,Node 39,31.519219,74.363309,Overflowing
2020-01-02 06:00:21,Node 29,31.531497,74.218038,Overflowing
2020-01-03 21:53:57,Node 11,31.470359,74.316637,Full
2020-01-02 05:59:14,Node 37,31.424045,74.393613,Overflowing
2020-01-03 17:21:02,Node 4,31.475661,74.247548,Overflowing
2020-01-03 08:02:19,Node 50,31.455682,74.252242,Empty
2020-01-03 09:27:41,Node 30,31.444573,74.321052,Full
2020-01-02 05:05:21,Node 29,31.531497,74.218038,Overflowing
2020-01-02 05:29:25,Node 25,31.466618,74.246991,Overflowing
2020-01-01 09:26:24,Node 6,31.43839,74.286417,Full
2020-01-01 12:18:44,Node 23,31.547399,74.212531,Empty
2020-01-02 05:44:10,Node 17,31.40165,74.333838,Full
2020-01-01 23:16:48,Node 42,31.445104,74.361715,Normal
2020-01-03 07:27:22,Node 26,31.444482,74.356931,Overflowing
2020-01-02 21:35:47,Node 32,31.410316,74.294928,Normal
2020-01-01 12:00:11,Node 29,31.531497,74.218038,Overflowing
2020-01-02 18:47:04,Node 8,31.481898,74.361814,Overflowing
2020-01-03 08:20:59,Node 20,31.549752,74.28026,Normal
2020-01-02 05:20:37,Node 14,31.48131,74.37681,Overflowing
2020-01-03 21:31:29,Node 26,31.444482,74.356931,Full
2020-01-01 06:58:31,Node 37,31.424045,74.393613,Full
2020-01-02 05:24:44,Node 4,31.475661,74.247548,Full
2020-01-01 03:01:01,Node 28,31.400478,74.297926,Overflowing
2020-01-01 04:38:47,Node 35,31.457464,74.349132,Overflowing
2020-01-01 22:41:25,Node 18,31.467563,74.356035,Full
2020-01-02 01:18:55,Node 22,31.426314,74.370112,Overflowing
2020-01-03 03:50:00,Node 29,31.531497,74.218038,Overflowing
2020-01-01 17:47:08,Node 28,31.400478,74.297926,Normal
2020-01-02 08:30:07,Node 9,31.397972,74.359862,Overflowing
2020-01-03 00:33:04,Node 49,31.536595,74.38061,Overflowing
2020-01-01 19:33:45,Node 13,31.473015,74.247587,Normal
2020-01-01 13:36:19,Node 34,31.407253,74.372236,Overflowing
2020-01-01 07:42:49,Node 2,31.437508,74.2893,Normal
2020-01-02 06:21:19,Node 28,31.400478,74.297926,Normal
2020-01-02 20:31:00,Node 40,31.43615,74.388083,Normal
2020-01-02 00:28:38,Node 15,31.543882,74.280711,Normal
2020-01-01 05:20:49,Node 48,31.50053,74.289041,Normal
2020-01-03 15:04:00,Node 12,31.426267,74.238806,Normal
2020-01-03 12:58:06,Node 42,31.445104,74.361715,Normal
2020-01-02 07:52:15,Node 27,31.487028,74.238589,Normal
2020-01-03 07:47:20,Node 6,31.43839,74.286417,Full
2020-01-01 23:46:22,Node 38,31.4347,74.348969,Overflowing
2020-01-03 19:08:59,Node 27,31.487028,74.238589,Normal
2020-01-01 16:35:32,Node 44,31.399046,74.382242,Overflowing
2020-01-01 05:00:54,Node 9,31.397972,74.359862,Full
2020-01-01 11:27:07,Node 21,31.486081,74.210655,Normal
2020-01-02 20:22:28,Node 0,31.518743,74.389239,Full
2020-01-03 17:34:47,Node 35,31.457464,74.349132,Overflowing
2020-01-01 21:18:35,Node 25,31.466618,74.246991,Overflowing
2020-01-01 13:49:35,Node 36,31.505972,74.336076,Full
2020-01-01 12:22:44,Node 38,31.4347,74.348969,Overflowing
2020-01-02 19:59:06,Node 22,31.426314,74.370112,Empty
2020-01-02 17:09:15,Node 40,31.43615,74.388083,Full
2020-01-03 16:01:01,Node 29,31.531497,74.218038,Normal
2020-01-02 23:11:23,Node 42,31.445104,74.361715,Full
2020-01-03 21:27:08,Node 5,31.458406,74.307938,Empty
2020-01-01 15:21:59,Node 11,31.470359,74.316637,Normal
2020-01-02 21:15:12,Node 44,31.399046,74.382242,Full
2020-01-01 19:08:02,Node 15,31.543882,74.280711,Full
2020-01-01 00:29:45,Node 34,31.407253,74.372236,Overflowing
2020-01-02 07:12:45,Node 8,31.481898,74.361814,Normal
2020-01-03 13:41:00,Node 37,31.424045,74.393613,Empty
2020-01-02 08:09:08,Node 46,31.466508,74.315746,Normal
2020-01-01 22:04:24,Node 35,31.457464,74.349132,Overflowing
2020-01-02 23:15:40,Node 0,31.518743,74.389239,Empty
2020-01-03 11:36:44,Node 15,31.543882,74.280711,Full
2020-01-01 02:19:08,Node 33,31.47218,74.364088,Overflowing
2020-01-03 07:34:51,Node 23,31.547399,74.212531,Overflowing
2020-01-01 12:08:24,Node 39,31.519219,74.363309,Full
2020-01-02 23:58:40,Node 46,31.466508,74.315746,Full
2020-01-01 17:14:23,Node 46,31.466508,74.315746,Overflowing
2020-01-01 20:14:54,Node 35,31.457464,74.349132,Overflowing
2020-01-03 16:38:29,Node 13,31.473015,74.247587,Empty
2020-01-03 00:34:21,Node 30,31.444573,74.321052,Full
2020-01-01 11:26:32,Node 6,31.43839,74.286417,Normal
2020-01-01 04:59:32,Node 10,31.453884,74.391163,Overflowing
2020-01-02 13:03:48,Node 10,31.453884,74.391163,Normal
2020-01-02 14:46:02,Node 33,31.47218,74.364088,Overflowing
2020-01-01 09:33:05,Node 26,31.444482,74.356931,Overflowing
2020-01-02 11:33:26,Node 3,31.462834,74.324997,Full
2020-01-03 14:53:16,Node 45,31.451425,74.289047,Empty
2020-01-03 03:24:56,Node 2,31.437508,74.2893,Full
2020-01-03 00:53:36,Node 11,31.470359,74.316637,Empty
2020-01-01 22:59:20,Node 39,31.519219,74.363309,Full
2020-01-03 10:35:35,Node 22,31.426314,74.370112,Full
2020-01-02 17:18:13,Node 36,31.505972,74.336076,Overflowing
2020-01-01 03:24:42,Node 38,31.4347,74.348969,Overflowing
2020-01-03 18:50:27,Node 38,31.4347,74.348969,Normal
2020-01-02 09:30:51,Node 29,31.531497,74.218038,Full
2020-01-01 18:01:37,Node 2,31.437508,74.2893,Normal
2020-01-01 09:40:41,Node 38,31.4347,74.348969,Overflowing
2020-01-01 19:53:54,Node 19,31.461137,74.317262,Full
2020-01-03 09:32:16,Node 7,31.435199,74.25089,Normal
2020-01-01 01:39:36,Node 5,31.458406,74.307938,Full
2020-01-01 08:09:07,Node 42,31.445104,74.361715,Overflowing
2020-01-02 04:47:34,Node 3,31.462834,74.324997,Full
2020-01-02 00:47:29,Node 13,31.473015,74.247587,Empty
2020-01-01 22:36:02,Node 47,31.526456,74.311322,Overflowing
2020-01-01 05:56:37,Node 42,31.445104,74.361715,Normal
2020-01-01 22:04:12,Node 18,31.467563,74.356035,Full
2020-01-03 04:33:54,Node 15,31.543882,74.280711,Full
2020-01-01 19:07:04,Node 32,31.410316,74.294928,Full
2020-01-01 11:21:49,Node 30,31.444573,74.321052,Full
2020-01-02 13:22:21,Node 27,31.487028,74.238589,Normal
2020-01-02 19:53:11,Node 22,31.426314,74.370112,Empty
2020-01-03 12:48:41,Node 1,31.393596,74.228372,Full
2020-01-03 11:03:43,Node 14,31.48131,74.37681,Overflowing
2020-01-01 22:02:49,Node 17,31.40165,74.333838,Overflowing
2020-01-01 03:57:23,Node 28,31.400478,74.297926,Empty
2020-01-02 00:12:34,Node 20,31.549752,74.28026,Overflowing
2020-01-01 07:53:40,Node 42,31.445104,74.361715,Overflowing
2020-01-03 18:45:58,Node 5,31.458406,74.307938,Overflowing
2020-01-01 18:40:41,Node 15,31.543882,74.280711,Full
2020-01-01 23:25:11,Node 45,31.451425,74.289047,Overflowing
2020-01-03 23:22:18,Node 7,31.435199,74.25089,Full
2020-01-01 10:04:18,Node 3,31.462834,74.324997,Overflowing
2020-01-02 18:31:09,Node 5,31.458406,74.307938,Full
2020-01-02 02:34:25,Node 40,31.43615,74.388083,Normal
2020-01-03 00:52:50,Node 35,31.457464,74.349132,Overflowing
2020-01-02 14:23:07,Node 48,31.50053,74.289041,Empty
2020-01-02 16:53:04,Node 34,31.407253,74.372236,Overflowing
2020-01-01 03:53:39,Node 38,31.4347,74.348969,Overflowing
2020-01-02 08:56:57,Node 7,31.435199,74.25089,Overflowing
2020-01-01 20:26:41,Node 14,31.48131,74.37681,Overflowing
2020-01-02 23:54:24,Node 37,31.424045,74.393613,Overflowing
2020-01-01 11:34:46,Node 13,31.473015,74.247587,Empty
2020-01-02 15:25:47,Node 34,31.407253,74.372236,Empty
2020-01-03 06:39:31,Node 3,31.462834,74.324997,Overflowing
2020-01-01 09:53:06,Node 21,31.486081,74.210655,Normal
2020-01-02 04:24:30,Node 29,31.531497,74.218038,Empty
2020-01-03 20:02:01,Node 17,31.40165,74.333838,Normal
2020-01-01 02:55:49,Node 45,31.451425,74.289047,Overflowing
2020-01-03 00:49:55,Node 8,31.481898,74.361814,Normal
2020-01-01 05:28:01,Node 13,31.473015,74.247587,Empty
2020-01-03 18:08:51,Node 15,31.543882,74.280711,Normal
2020-01-02 00:19:36,Node 34,31.407253,74.372236,Full
2020-01-02 09:52:27,Node 45,31.451425,74.289047,Overflowing
2020-01-02 03:36:04,Node 25,31.466618,74.246991,Full
2020-01-01 05:55:45,Node 14,31.48131,74.37681,Overflowing
2020-01-03 19:43:07,Node 29,31.531497,74.218038,Full
2020-01-03 10:31:53,Node 18,31.467563,74.356035,Overflowing
2020-01-02 19:24:51,Node 23,31.547399,74.212531,Normal
2020-01-03 14:18:23,Node 36,31.505972,74.336076,Normal
2020-01-03 06:34:08,Node 36,31.505972,74.336076,Normal
2020-01-03 15:42:55,Node 16,31.52463,74.387231,Normal
2020-01-03 02:13:57,Node 9,31.397972,74.359862,Full
2020-01-02 02:13:09,Node 2,31.437508,74.2893,Normal
2020-01-01 11:17:37,Node 39,31.519219,74.363309,Full
2020-01-03 01:08:25,Node 27,31.487028,74.238589,Full
2020-01-01 06:29:34,Node 47,31.526456,74.311322,Normal
2020-01-03 16:05:37,Node 17,31.40165,74.333838,Overflowing
2020-01-01 10:32:24,Node 25,31.466618,74.246991,Full
2020-01-03 10:00:53,Node 21,31.486081,74.210655,Normal
2020-01-02 15:41:06,Node 46,31.466508,74.315746,Normal
2020-01-03 17:00:09,Node 47,31.526456,74.311322,Full
2020-01-03 18:08:23,Node 40,31.43615,74.388083,Overflowing
2020-01-03 01:11:16,Node 15,31.543882,74.280711,Overflowing
2020-01-03 17:31:26,Node 25,31.466618,74.246991,Overflowing
2020-01-01 15:56:08,Node 27,31.487028,74.238589,Overflowing
2020-01-02 04:23:35,Node 46,31.466508,74.315746,Normal
2020-01-01 23:25:06,Node 37,31.424045,74.393613,Normal
2020-01-01 06:27:17,Node 20,31.549752,74.28026,Normal
2020-01-03 21:30:10,Node 27,31.487028,74.238589,Normal
2020-01-01 23:06:34,Node 4,31.475661,74.247548,Overflowing
2020-01-02 00:01:24,Node 11,31.470359,74.316637,Overflowing
2020-01-03 00:08:03,Node 30,31.444573,74.321052,Normal
2020-01-01 07:21:35,Node 15,31.543882,74.280711,Normal
2020-01-01 20:02:12,Node 11,31.470359,74.316637,Overflowing
2020-01-03 16:49:11,Node 10,31.453884,74.391163,Normal
2020-01-02 12:08:39,Node 14,31.48131,74.37681,Full
2020-01-02 23:24:47,Node 5,31.458406,74.307938,Overflowing
2020-01-01 20:37:03,Node 50,31.455682,74.252242,Overflowing
2020-01-03 06:59:47,Node 6,31.43839,74.286417,Overflowing
2020-01-02 03:13:10,Node 17,31.40165,74.333838,Normal
2020-01-02 05:42:13,Node 12,31.426267,74.238806,Normal
2020-01-03 12:45:47,Node 31,31.417882,74.215124,Full
2020-01-01 03:20:19,Node 10,31.453884,74.391163,Normal
2020-01-03 12:03:10,Node 6,31.43839,74.286417,Normal
2020-01-03 11:34:03,Node 14,31.48131,74.37681,Empty
2020-01-02 15:03:01,Node 35,31.457464,74.349132,Normal
2020-01-03 21:40:20,Node 4,31.475661,74.247548,Overflowing
2020-01-01 06:07:58,Node 24,31.446206,74.219199,Full
2020-01-01 07:10:23,Node 0,31.518743,74.389239,Overflowing
2020-01-03 21:14:50,Node 8,31.481898,74.361814,Full
2020-01-02 22:06:39,Node 17,31.40165,74.333838,Full
2020-01-01 04:07:42,Node 50,31.455682,74.252242,Full
2020-01-01 12:23:39,Node 46,31.466508,74.315746,Empty
2020-01-03 19:43:36,Node 0,31.518743,74.389239,Normal
2020-01-03 23:29:59,Node 6,31.43839,74.286417,Full
2020-01-03 07:21:07,Node 7,31.435199,74.25089,Overflowing
2020-01-02 11:06:10,Node 21,31.486081,74.210655,Empty
2020-01-01 19:10:26,Node 29,31.531497,74.218038,Empty
2020-01-02 01:49:47,Node 48,31.50053,74.289041,Overflowing
2020-01-02 11:18:14,Node 42,31.445104,74.361715,Full
2020-01-02 15:00:26,Node 49,31.536595,74.38061,Normal
2020-01-02 12:14:49,Node 20,31.549752,74.28026,Overflowing
2020-01-02 20:54:29,Node 5,31.458406,74.307938,Overflowing
2020-01-02 18:41:26,Node 19,31.461137,74.317262,Full
2020-01-02 21:12:17,Node 27,31.487028,74.238589,Overflowing
2020-01-02 05:17:25,Node 2,31.437508,74.2893,Overflowing
2020-01-03 01:33:43,Node 23,31.547399,74.212531,Overflowing
2020-01-02 13:34:10,Node 47,31.526456,74.311322,Overflowing
2020-01-01 22:56:21,Node 5,31.458406,74.307938,Normal
2020-01-03 19:24:36,Node 41,31.475947,74.233685,Full
2020-01-02 16:08:51,Node 8,31.481898,74.361814,Overflowing
2020-01-03 15:56:45,Node 0,31.518743,74.389239,Full
2020-01-02 15:52:51,Node 11,31.470359,74.316637,Overflowing
2020-01-01 04:00:57,Node 48,31.50053,74.289041,Normal
2020-01-03 14:02:07,Node 27,31.487028,74.238589,Normal
2020-01-02 22:18:53,Node 20,31.549752,74.28026,Overflowing
2020-01-02 22:12:08,Node 25,31.466618,74.246991,Overflowing
2020-01-02 06:58:20,Node 1,31.393596,74.228372,Empty
2020-01-03 06:52:23,Node 46,31.466508,74.315746,Normal
2020-01-03 00:54:23,Node 25,31.466618,74.246991,Normal
2020-01-03 08:21:38,Node 28,31.400478,74.297926,Overflowing
2020-01-01 18:04:47,Node 44,31.399046,74.382242,Normal
2020-01-02 11:41:24,Node 8,31.481898,74.361814,Normal
2020-01-03 21:42:56,Node 12,31.426267,74.238806,Full
2020-01-01 21:29:18,Node 13,31.473015,74.247587,Normal
2020-01-02 02:13:42,Node 40,31.43615,74.388083,Overflowing
2020-01-03 11:50:15,Node 19,31.461137,74.317262,Normal
2020-01-03 07:20:49,Node 25,31.466618,74.246991,Overflowing
2020-01-02 11:25:44,Node 43,31.519018,74.343703,Normal
2020-01-02 01:23:29,Node 34,31.407253,74.372236,Full
2020-01-03 04:15:14,Node 1,31.393596,74.228372,Overflowing
2020-01-01 04:52:38,Node 5,31.458406,74.307938,Normal
2020-01-01 07:03:59,Node 22,31.426314,74.370112,Empty
2020-01-01 21:44:27,Node 15,31.543882,74.280711,Overflowing
2020-01-02 09:40:19,Node 0,31.518743,74.389239,Overflowing
2020-01-03 16:43:50,Node 50,31.455682,74.252242,Overflowing
2020-01-02 01:19:43,Node 10,31.453884,74.391163,Normal
2020-01-01 18:17:04,Node 41,31.475947,74.233685,Overflowing
2020-01-01 00:47:03,Node 3,31.462834,74.324997,Full
2020-01-02 07:16:55,Node 16,31.52463,74.387231,Overflowing
2020-01-01 13:51:06,Node 15,31.543882,74.280711,Full
2020-01-02 11:16:33,Node 38,31.4347,74.348969,Full
2020-01-03 14:46:46,Node 26,31.444482,74.356931,Overflowing
2020-01-03 06:30:11,Node 29,31.531497,74.218038,Overflowing
2020-01-02 08:49:24,Node 34,31.407253,74.372236,Normal
2020-01-03 12:38:51,Node 42,31.445104,74.361715,Full
2020-01-03 21:37:25,Node 41,31.475947,74.233685,Normal
2020-01-03 09:14:21,Node 22,31.426314,74.370112,Normal
2020-01-02 07:27:30,Node 37,31.424045,74.393613,Normal
2020-01-02 17:51:23,Node 12,31.426267,74.238806,Normal
2020-01-02 14:01:53,Node 48,31.50053,74.289041,Full
2020-01-02 11:45:16,Node 20,31.549752,74.28026,Overflowing
2020-01-01 12:56:47,Node 37,31.424045,74.393613,Empty
2020-01-01 04:32:50,Node 25,31.466618,74.246991,Full
2020-01-01 17:00:01,Node 12,31.426267,74.238806,Normal
2020-01-01 10:04:32,Node 46,31.466508,74.315746,Overflowing
2020-01-03 14:40:04,Node 50,31.455682,74.252242,Overflowing
2020-01-01 00:39:24,Node 28,31.400478,74.297926,Normal
2020-01-02 07:29:05,Node 23,31.547399,74.212531,Normal
2020-01-01 16:51:14,Node 37,31.424045,74.393613,Normal
2020-01-03 22:04:15,Node 48,31.50053,74.289041,Full
2020-01-02 15:36:20,Node 7,31.435199,74.25089,Normal
2020-01-02 21:22:44,Node 3,31.462834,74.324997,Empty
2020-01-01 10:07:44,Node 15,31.543882,74.280711,Full
2020-01-02 23:40:15,Node 22,31.426314,74.370112,Overflowing
2020-01-02 16:40:29,Node 32,31.410316,74.294928,Full
2020-01-01 01:30:54,Node 25,31.466618,74.246991,Normal
2020-01-02 01:22:07,Node 1,31.393596,74.228372,Overflowing
2020-01-02 15:27:53,Node 20,31.549752,74.28026,Normal
2020-01-03 08:27:28,Node 18,31.467563,74.356035,Normal
2020-01-01 11:08:09,Node 30,31.444573,74.321052,Full
2020-01-01 19:31:50,Node 40,31.43615,74.388083,Normal
2020-01-02 03:30:26,Node 36,31.505972,74.336076,Overflowing
2020-01-03 11:04:13,Node 24,31.446206,74.219199,Overflowing
2020-01-01 07:30:19,Node 49,31.536595,74.38061,Normal
2020-01-03 06:56:31,Node 13,31.473015,74.247587,Normal
2020-01-03 19:38:17,Node 37,31.424045,74.393613,Normal
2020-01-02 21:22:10,Node 16,31.52463,74.387231,Full
2020-01-02 11:16:18,Node 6,31.43839,74.286417,Normal
2020-01-03 13:47:28,Node 22,31.426314,74.370112,Normal
2020-01-01 11:29:44,Node 39,31.519219,74.363309,Normal
2020-01-02 05:12:53,Node 34,31.407253,74.372236,Full
2020-01-01 17:58:20,Node 25,31.466618,74.246991,Overflowing
2020-01-01 19:52:27,Node 1,31.393596,74.228372,Full
2020-01-03 06:03:46,Node 15,31.543882,74.280711,Empty
2020-01-01 09:50:00,Node 17,31.40165,74.333838,Full
2020-01-03 19:23:13,Node 47,31.526456,74.311322,Empty
2020-01-02 08:18:53,Node 5,31.458406,74.307938,Empty
2020-01-02 05:50:55,Node 26,31.444482,74.356931,Normal
2020-01-02 11:42:10,Node 16,31.52463,74.387231,Normal
2020-01-01 12:24:03,Node 40,31.43615,74.388083,Overflowing
2020-01-03 19:36:39,Node 20,31.549752,74.28026,Normal
2020-01-02 11:02:09,Node 40,31.43615,74.388083,Normal
2020-01-02 18:24:47,Node 8,31.481898,74.361814,Normal
2020-01-02 03:52:59,Node 40,31.43615,74.388083,Full
2020-01-01 06:42:31,Node 9,31.397972,74.359862,Full
2020-01-01 23:10:18,Node 2,31.437508,74.2893,Overflowing
2020-01-03 23:12:28,Node 22,31.426314,74.370112,Normal
2020-01-03 09:23:15,Node 40,31.43615,74.388083,Empty
2020-01-03 18:17:48,Node 12,31.426267,74.238806,Normal
2020-01-03 02:44:37,Node 7,31.435199,74.25089,Overflowing
2020-01-01 05:32:24,Node 34,31.407253,74.372236,Full
2020-01-03 00:09:30,Node 29,31.531497,74.218038,Empty
2020-01-02 04:26:31,Node 43,31.519018,74.343703,Full
2020-01-02 10:19:35,Node 29,31.531497,74.218038,Empty
2020-01-02 00:22:19,Node 29,31.531497,74.218038,Empty
2020-01-01 14:50:36,Node 23,31.547399,74.212531,Overflowing
2020-01-03 15:46:17,Node 27,31.487028,74.238589,Normal
2020-01-02 08:11:07,Node 37,31.424045,74.393613,Overflowing
2020-01-02 04:22:32,Node 32,31.410316,74.294928,Full
2020-01-03 01:58:30,Node 50,31.455682,74.252242,Overflowing
2020-01-02 08:45:30,Node 41,31.475947,74.233685,Full
2020-01-03 09:16:51,Node 13,31.473015,74.247587,Full
2020-01-03 11:58:30,Node 11,31.470359,74.316637,Overflowing
2020-01-01 07:09:01,Node 13,31.473015,74.247587,Normal
2020-01-03 19:33:42,Node 4,31.475661,74.247548,Overflowing
2020-01-03 15:59:00,Node 5,31.458406,74.307938,Overflowing
2020-01-02 11:23:33,Node 6,31.43839,74.286417,Overflowing
2020-01-02 03:26:20,Node 16,31.52463,74.387231,Full
2020-01-01 21:01:07,Node 4,31.475661,74.247548,Full
2020-01-01 00:57:02,Node 13,31.473015,74.247587,Overflowing
2020-01-03 22:06:17,Node 28,31.400478,74.297926,Normal
2020-01-03 02:51:23,Node 50,31.455682,74.252242,Normal
2020-01-02 09:35:42,Node 22,31.426314,74.370112,Overflowing
2020-01-02 10:23:09,Node 0,31.518743,74.389239,Overflowing
2020-01-02 04:17:26,Node 30,31.444573,74.321052,Normal
2020-01-01 11:58:50,Node 0,31.518743,74.389239,Normal
2020-01-01 21:17:39,Node 0,31.518743,74.389239,Full
2020-01-02 14:39:13,Node 20,31.549752,74.28026,Empty
2020-01-03 15:08:26,Node 23,31.547399,74.212531,Normal
2020-01-02 14:21:16,Node 7,31.435199,74.25089,Normal
2020-01-02 20:23:05,Node 42,31.445104,74.361715,Full
2020-01-03 13:15:09,Node 18,31.467563,74.356035,Overflowing
2020-01-01 22:44:10,Node 8,31.481898,74.361814,Normal
2020-01-03 23:26:30,Node 18,31.467563,74.356035,Full
2020-01-01 07:00:42,Node 49,31.536595,74.38061,Overflowing
2020-01-03 18:42:55,Node 33,31.47218,74.364088,Normal
2020-01-01 23:59:17,Node 40,31.43615,74.388083,Normal
2020-01-01 19:50:36,Node 49,31.536595,74.38061,Normal
2020-01-02 16:58:59,Node 15,31.543882,74.280711,Normal
2020-01-01 03:56:32,Node 26,31.444482,74.356931,Overflowing
2020-01-02 16:51:53,Node 33,31.47218,74.364088,Overflowing
2020-01-01 00:04:54,Node 48,31.50053,74.289041,Overflowing
2020-01-02 06:36:23,Node 18,31.467563,74.356035,Overflowing
2020-01-03 01:26:54,Node 16,31.52463,74.387231,Empty
2020-01-01 01:44:42,Node 12,31.426267,74.238806,Normal
2020-01-01 10:06:51,Node 33,31.47218,74.364088,Overflowing
2020-01-02 18:18:22,Node 17,31.40165,74.333838,Normal
2020-01-02 18:43:02,Node 40,31.43615,74.388083,Normal
2020-01-02 12:38:33,Node 31,31.417882,74.215124,Overflowing
2020-01-02 20:31:06,Node 39,31.519219,74.363309,Full
2020-01-02 03:53:58,Node 18,31.467563,74.356035,Overflowing
2020-01-01 19:38:22,Node 40,31.43615,74.388083,Normal
2020-01-01 10:49:48,Node 6,31.43839,74.286417,Full
2020-01-01 09:37:28,Node 49,31.536595,74.38061,Overflowing
2020-01-03 03:58:46,Node 31,31.417882,74.215124,Overflowing
2020-01-01 02:22:07,Node 31,31.417882,74.215124,Normal
2020-01-02 13:32:09,Node 33,31.47218,74.364088,Overflowing
2020-01-01 02:14:38,Node 5,31.458406,74.307938,Full
2020-01-03 07:09:52,Node 25,31.466618,74.246991,Normal
2020-01-01 09:45:31,Node 30,31.444573,74.321052,Full
2020-01-03 09:07:36,Node 34,31.407253,74.372236,Full
2020-01-01 11:08:40,Node 26,31.444482,74.356931,Normal
2020-01-01 23:38:35,Node 2,31.437508,74.2893,Full
2020-01-03 04:31:48,Node 41,31.475947,74.233685,Full
2020-01-01 13:29:05,Node 28,31.400478,74.297926,Normal
2020-01-03 00:47:33,Node 29,31.531497,74.218038,Overflowing
2020-01-01 08:00:04,Node 39,31.519219,74.363309,Empty
2020-01-02 23:13:53,Node 4,31.475661,74.247548,Overflowing
2020-01-03 16:30:22,Node 50,31.455682,74.252242,Empty
2020-01-01 03:59:35,Node 17,31.40165,74.333838,Overflowing
2020-01-01 00:45:50,Node 15,31.543882,74.280711,Normal
2020-01-02 05:41:17,Node 48,31.50053,74.289041,Normal
2020-01-02 15:13:19,Node 1,31.393596,74.228372,Full
2020-01-02 15:16:19,Node 41,31.475947,74.233685,Overflowing
2020-01-02 22:27:23,Node 39,31.519219,74.363309,Overflowing
2020-01-01 11:00:27,Node 16,31.52463,74.387231,Full
2020-01-02 21:15:39,Node 21,31.486081,74.210655,Normal
2020-01-03 02:13:25,Node 13,31.473015,74.247587,Overflowing
2020-01-01 17:42:38,Node 11,31.470359,74.316637,Full
2020-01-02 07:32:44,Node 31,31.417882,74.215124,Normal
2020-01-02 19:29:27,Node 39,31.519219,74.363309,Overflowing
2020-01-03 07:43:30,Node 44,31.399046,74.382242,Full
2020-01-03 21:27:29,Node 48,31.50053,74.289041,Normal
2020-01-01 12:48:23,Node 2,31.437508,74.2893,Normal
2020-01-01 18:29:36,Node 10,31.453884,74.391163,Normal
2020-01-01 05:29:18,Node 42,31.445104,74.361715,Full
2020-01-01 08:15:38,Node 33,31.47218,74.364088,Empty
2020-01-03 19:58:28,Node 43,31.519018,74.343703,Normal
2020-01-03 20:39:33,Node 24,31.446206,74.219199,Empty
2020-01-02 22:08:52,Node 48,31.50053,74.289041,Normal
2020-01-01 12:31:42,Node 3,31.462834,74.324997,Normal
2020-01-02 02:24:00,Node 28,31.400478,74.297926,Overflowing
2020-01-01 05:26:57,Node 43,31.519018,74.343703,Overflowing
2020-01-01 12:03:49,Node 15,31.543882,74.280711,Full
2020-01-01 12:53:13,Node 15,31.543882,74.280711,Overflowing
2020-01-01 23:12:13,Node 10,31.453884,74.391163,Overflowing
2020-01-01 07:44:41,Node 2,31.437508,74.2893,Normal
2020-01-01 03:19:02,Node 4,31.475661,74.247548,Normal
2020-01-02 14:37:35,Node 50,31.455682,74.252242,Normal
2020-01-02 20:13:50,Node 27,31.487028,74.238589,Overflowing
2020-01-03 00:05:07,Node 35,31.457464,74.349132,Overflowing
2020-01-03 11:59:22,Node 41,31.475947,74.233685,Overflowing
2020-01-02 08:57:48,Node 15,31.543882,74.280711,Normal
2020-01-02 21:50:13,Node 8,31.481898,74.361814,Full
2020-01-01 04:11:03,Node 35,31.457464,74.349132,Full
2020-01-03 09:18:17,Node 20,31.549752,74.28026,Empty
2020-01-02 14:13:04,Node 0,31.518743,74.389239,Overflowing
2020-01-01 20:53:47,Node 7,31.435199,74.25089,Overflowing
